{"cameraMode":{"drawMode":0,"name":"Shaded","section":"Shading Mode"},"sceneLighting":true,"audioPlay":false,"sceneViewState":{"showFog":true,"showMaterialUpdate":false,"showSkybox":false,"showFlares":true,"showImageEffects":true,"showParticleSystems":true},"in2DMode":false,"pivot":{"x":0.06319442391395569,"y":2.3499999046325685,"z":3.8400001525878908},"rotation":{"x":0.3659408390522003,"y":-0.40912288427352908,"z":0.18359088897705079,"w":0.8154754638671875},"size":1.1461271047592164,"orthographic":false}